well,tile,timepoint,condition,stimulation,n_neurons,mean_confidence_class0,std_confidence_class0,mean_confidence_class1,std_confidence_class1,fraction_predicted_class1
A10,1,T0,Control,0ms,11,0.2046104,0.2558575,0.7953896,0.2558575,0.9090909090909091
A10,1,T1,Control,0ms,11,0.19192995,0.29321536,0.80807,0.29321536,0.9090909090909091
A10,1,T10,Control,0ms,11,0.6175991,0.33355546,0.38240087,0.33355543,0.45454545454545453
A10,1,T11,Control,0ms,11,0.61710066,0.355561,0.38289937,0.355561,0.45454545454545453
A10,1,T12,Control,0ms,11,0.6448125,0.40594345,0.35518745,0.40594345,0.36363636363636365
A10,1,T13,Control,0ms,11,0.607882,0.39067802,0.39211798,0.39067802,0.45454545454545453
A10,1,T14,Control,0ms,11,0.60596114,0.41022027,0.39403886,0.41022024,0.45454545454545453
A10,1,T15,Control,0ms,11,0.703987,0.34566423,0.296013,0.3456642,0.36363636363636365
A10,1,T2,Control,0ms,11,0.19555265,0.3001297,0.80444735,0.3001297,0.9090909090909091
A10,1,T3,Control,0ms,11,0.23333889,0.3007818,0.7666611,0.30078176,0.8181818181818182
A10,1,T4,Control,0ms,11,0.30727604,0.32905382,0.692724,0.32905382,0.8181818181818182
A10,1,T5,Control,0ms,11,0.36154214,0.32174692,0.63845783,0.32174692,0.7272727272727273
A10,1,T6,Control,0ms,11,0.3241215,0.35314876,0.6758785,0.3531488,0.8181818181818182
A10,1,T7,Control,0ms,11,0.5374966,0.34847757,0.46250334,0.34847757,0.5454545454545454
A10,1,T8,Control,0ms,11,0.47941095,0.35778812,0.52058905,0.35778812,0.6363636363636364
A10,1,T9,Control,0ms,11,0.68121916,0.34331247,0.31878087,0.34331247,0.45454545454545453
A10,2,T0,Control,10000ms,15,0.23817822,0.31406268,0.7618218,0.31406268,0.8
A10,2,T1,Control,10000ms,15,0.25739527,0.3069737,0.7426047,0.3069737,0.8666666666666667
A10,2,T10,Control,10000ms,15,0.76135916,0.25683153,0.23864084,0.25683153,0.26666666666666666
A10,2,T11,Control,10000ms,15,0.7439477,0.27253464,0.25605235,0.27253464,0.4
A10,2,T12,Control,10000ms,15,0.8036348,0.24476136,0.19636516,0.24476138,0.2
A10,2,T13,Control,10000ms,15,0.7790324,0.26103324,0.2209676,0.26103324,0.26666666666666666
A10,2,T14,Control,10000ms,15,0.7766301,0.3051918,0.22336988,0.3051918,0.26666666666666666
A10,2,T15,Control,10000ms,15,0.83837026,0.23758799,0.16162972,0.23758799,0.13333333333333333
A10,2,T2,Control,10000ms,15,0.27808303,0.23212348,0.721917,0.23212345,0.9333333333333333
A10,2,T3,Control,10000ms,15,0.44471171,0.31321374,0.5552883,0.31321374,0.6666666666666666
A10,2,T4,Control,10000ms,15,0.55228716,0.32632685,0.44771284,0.32632685,0.5333333333333333
A10,2,T5,Control,10000ms,15,0.5460847,0.29955015,0.45391524,0.29955015,0.4666666666666667
A10,2,T6,Control,10000ms,15,0.5914898,0.30994195,0.40851024,0.30994195,0.6
A10,2,T7,Control,10000ms,15,0.6124929,0.3244598,0.38750705,0.3244598,0.4
A10,2,T8,Control,10000ms,15,0.6460899,0.322416,0.35391006,0.322416,0.4
A10,2,T9,Control,10000ms,15,0.6454856,0.32827023,0.35451445,0.32827023,0.4
A10,3,T0,Control,10000ms,22,0.06615545,0.12695785,0.93384457,0.12695783,0.9545454545454546
A10,3,T1,Control,10000ms,22,0.16267997,0.27974254,0.83731997,0.27974254,0.8636363636363636
A10,3,T10,Control,10000ms,22,0.60120666,0.3806284,0.3987933,0.3806284,0.45454545454545453
A10,3,T11,Control,10000ms,22,0.5246081,0.3725024,0.4753919,0.3725024,0.5454545454545454
A10,3,T12,Control,10000ms,22,0.6764548,0.37577683,0.3235452,0.37577683,0.2727272727272727
A10,3,T13,Control,10000ms,22,0.65375966,0.362422,0.34624037,0.362422,0.3181818181818182
A10,3,T14,Control,10000ms,22,0.63515776,0.37761644,0.36484224,0.37761644,0.3181818181818182
A10,3,T15,Control,10000ms,22,0.7697542,0.31581393,0.23024587,0.3158139,0.22727272727272727
A10,3,T2,Control,10000ms,22,0.19701745,0.28652757,0.80298257,0.28652757,0.8181818181818182
A10,3,T3,Control,10000ms,22,0.18388304,0.26496476,0.8161169,0.26496476,0.8636363636363636
A10,3,T4,Control,10000ms,22,0.27364412,0.31432363,0.72635585,0.31432363,0.7727272727272727
A10,3,T5,Control,10000ms,22,0.3083638,0.3518774,0.6916362,0.3518774,0.7272727272727273
A10,3,T6,Control,10000ms,22,0.4135783,0.35098374,0.5864217,0.35098377,0.6363636363636364
A10,3,T7,Control,10000ms,22,0.4458502,0.37762895,0.5541498,0.37762895,0.5909090909090909
A10,3,T8,Control,10000ms,22,0.5872663,0.38918877,0.41273367,0.38918877,0.45454545454545453
A10,3,T9,Control,10000ms,22,0.59269595,0.38222224,0.40730408,0.38222224,0.4090909090909091
A10,4,T0,Control,0ms,32,0.087279625,0.16320845,0.9127204,0.16320844,0.96875
A10,4,T1,Control,0ms,32,0.1693082,0.24187823,0.8306918,0.24187823,0.9375
A10,4,T10,Control,0ms,32,0.5314546,0.34706405,0.4685454,0.34706405,0.53125
A10,4,T11,Control,0ms,32,0.559348,0.3616162,0.440652,0.3616162,0.4375
A10,4,T12,Control,0ms,32,0.6002043,0.35208073,0.39979574,0.35208073,0.375
A10,4,T13,Control,0ms,32,0.65435946,0.33484918,0.3456405,0.33484918,0.34375
A10,4,T14,Control,0ms,32,0.6144723,0.35655403,0.38552764,0.35655403,0.40625
A10,4,T15,Control,0ms,32,0.6659156,0.3645918,0.3340844,0.3645918,0.3125
A10,4,T2,Control,0ms,32,0.21535382,0.23174225,0.78464615,0.23174225,0.875
A10,4,T3,Control,0ms,32,0.2523646,0.28647503,0.74763536,0.28647503,0.8125
A10,4,T4,Control,0ms,32,0.3227056,0.34804606,0.6772944,0.34804606,0.78125
A10,4,T5,Control,0ms,32,0.36244723,0.30848497,0.63755274,0.30848497,0.625
A10,4,T6,Control,0ms,32,0.29168755,0.3020678,0.70831245,0.3020678,0.71875
A10,4,T7,Control,0ms,32,0.45369172,0.3807487,0.5463083,0.3807487,0.53125
A10,4,T8,Control,0ms,32,0.48107556,0.3710948,0.5189245,0.3710948,0.5
A10,4,T9,Control,0ms,32,0.5445959,0.38153192,0.45540413,0.38153192,0.5
A11,1,T0,Control,0ms,6,0.15945713,0.21832365,0.84054285,0.21832362,1.0
A11,1,T1,Control,0ms,6,0.1750681,0.21595374,0.82493186,0.21595372,1.0
A11,1,T10,Control,0ms,6,0.22568397,0.20062907,0.774316,0.20062909,1.0
A11,1,T11,Control,0ms,6,0.29696423,0.19003354,0.7030358,0.19003354,1.0
A11,1,T12,Control,0ms,6,0.4434774,0.35441244,0.5565226,0.35441247,0.5
A11,1,T13,Control,0ms,6,0.57590294,0.37510297,0.42409703,0.37510297,0.3333333333333333
A11,1,T14,Control,0ms,6,0.60321546,0.28249246,0.39678454,0.28249246,0.5
A11,1,T15,Control,0ms,6,0.72150165,0.24728249,0.27849835,0.2472825,0.3333333333333333
A11,1,T2,Control,0ms,6,0.14717491,0.113366835,0.8528251,0.11336683,1.0
A11,1,T3,Control,0ms,6,0.16560401,0.15310916,0.83439595,0.15310918,1.0
A11,1,T4,Control,0ms,6,0.22060086,0.15253864,0.77939916,0.15253864,1.0
A11,1,T5,Control,0ms,6,0.23934467,0.18763421,0.76065534,0.18763418,0.8333333333333334
A11,1,T6,Control,0ms,6,0.10025411,0.15888955,0.89974594,0.15888952,1.0
A11,1,T7,Control,0ms,6,0.17702858,0.12498635,0.8229714,0.12498636,1.0
A11,1,T8,Control,0ms,6,0.19914414,0.19903083,0.8008559,0.19903083,1.0
A11,1,T9,Control,0ms,6,0.27013782,0.24347006,0.7298622,0.24347003,0.8333333333333334
A11,2,T0,Control,10000ms,11,0.1188179,0.15920228,0.8811821,0.15920228,1.0
A11,2,T1,Control,10000ms,11,0.12914969,0.15401676,0.8708503,0.15401678,0.9090909090909091
A11,2,T10,Control,10000ms,11,0.6575965,0.30595058,0.34240344,0.3059506,0.2727272727272727
A11,2,T11,Control,10000ms,11,0.6255181,0.283159,0.3744819,0.28315896,0.2727272727272727
A11,2,T12,Control,10000ms,11,0.65250546,0.3435953,0.3474945,0.3435953,0.2727272727272727
A11,2,T13,Control,10000ms,11,0.72511154,0.2747699,0.2748884,0.2747699,0.18181818181818182
A11,2,T14,Control,10000ms,11,0.7453274,0.30326533,0.2546726,0.30326533,0.2727272727272727
A11,2,T15,Control,10000ms,11,0.6823115,0.28813422,0.3176885,0.28813422,0.18181818181818182
A11,2,T2,Control,10000ms,11,0.30415633,0.31290442,0.69584364,0.3129044,0.7272727272727273
A11,2,T3,Control,10000ms,11,0.43865916,0.38230717,0.56134087,0.3823072,0.5454545454545454
A11,2,T4,Control,10000ms,11,0.36708033,0.30385685,0.63291967,0.30385685,0.6363636363636364
A11,2,T5,Control,10000ms,11,0.4490059,0.39246252,0.5509941,0.39246255,0.45454545454545453
A11,2,T6,Control,10000ms,11,0.39856786,0.34959492,0.6014322,0.34959492,0.5454545454545454
A11,2,T7,Control,10000ms,11,0.42961463,0.39681798,0.5703854,0.39681798,0.5454545454545454
A11,2,T8,Control,10000ms,11,0.5102489,0.37435588,0.48975107,0.37435588,0.5454545454545454
A11,2,T9,Control,10000ms,11,0.5653958,0.34309644,0.43460426,0.34309644,0.2727272727272727
A11,3,T0,Control,10000ms,26,0.06342301,0.13470873,0.93657696,0.13470872,0.9615384615384616
A11,3,T1,Control,10000ms,26,0.12887102,0.24510117,0.871129,0.24510117,0.9230769230769231
A11,3,T10,Control,10000ms,26,0.7020323,0.3622694,0.2979677,0.3622694,0.2692307692307692
A11,3,T11,Control,10000ms,26,0.64475054,0.36412784,0.35524952,0.36412784,0.38461538461538464
A11,3,T12,Control,10000ms,26,0.7573115,0.31771404,0.24268848,0.31771404,0.19230769230769232
A11,3,T13,Control,10000ms,26,0.78272367,0.30263063,0.21727635,0.30263063,0.23076923076923078
A11,3,T14,Control,10000ms,26,0.8338638,0.23106484,0.16613625,0.23106483,0.11538461538461539
A11,3,T15,Control,10000ms,26,0.76480067,0.31068316,0.23519935,0.31068316,0.23076923076923078
A11,3,T2,Control,10000ms,26,0.16615225,0.23484989,0.8338477,0.23484989,0.9230769230769231
A11,3,T3,Control,10000ms,26,0.25143832,0.2671714,0.74856174,0.2671714,0.8461538461538461
A11,3,T4,Control,10000ms,26,0.30823544,0.343614,0.69176453,0.343614,0.7307692307692307
A11,3,T5,Control,10000ms,26,0.33418977,0.31552717,0.6658102,0.31552717,0.6923076923076923
A11,3,T6,Control,10000ms,26,0.44411582,0.39380643,0.55588424,0.39380646,0.6153846153846154
A11,3,T7,Control,10000ms,26,0.4972655,0.33455768,0.50273454,0.33455768,0.5
A11,3,T8,Control,10000ms,26,0.48163545,0.38952717,0.51836455,0.38952717,0.5
A11,3,T9,Control,10000ms,26,0.6709868,0.34223694,0.32901323,0.34223694,0.2692307692307692
A11,4,T0,Control,0ms,22,0.22220282,0.28174832,0.77779716,0.28174832,0.8636363636363636
A11,4,T1,Control,0ms,22,0.31724748,0.35648552,0.68275255,0.35648552,0.6818181818181818
A11,4,T10,Control,0ms,22,0.7681559,0.26960552,0.23184413,0.26960552,0.18181818181818182
A11,4,T11,Control,0ms,22,0.7216865,0.36342755,0.27831352,0.36342752,0.22727272727272727
A11,4,T12,Control,0ms,22,0.75666445,0.3489993,0.24333555,0.34899926,0.2727272727272727
A11,4,T13,Control,0ms,22,0.85393965,0.23202485,0.14606033,0.23202485,0.09090909090909091
A11,4,T14,Control,0ms,22,0.72639143,0.3801584,0.27360857,0.3801584,0.2727272727272727
A11,4,T15,Control,0ms,22,0.8654422,0.28249544,0.13455777,0.28249544,0.09090909090909091
A11,4,T2,Control,0ms,22,0.38303015,0.35635537,0.6169698,0.35635537,0.5454545454545454
A11,4,T3,Control,0ms,22,0.4274747,0.33989212,0.57252526,0.33989212,0.5
A11,4,T4,Control,0ms,22,0.38702285,0.3658954,0.61297715,0.3658954,0.5909090909090909
A11,4,T5,Control,0ms,22,0.48947427,0.3404022,0.5105257,0.34040216,0.5454545454545454
A11,4,T6,Control,0ms,22,0.5311841,0.33553854,0.46881592,0.3355385,0.3181818181818182
A11,4,T7,Control,0ms,22,0.6055207,0.3453693,0.39447927,0.34536934,0.3181818181818182
A11,4,T8,Control,0ms,22,0.58535737,0.35358754,0.41464263,0.35358754,0.3181818181818182
A11,4,T9,Control,0ms,22,0.7182214,0.32931912,0.28177854,0.32931915,0.2727272727272727
A22,1,T0,Control,0ms,22,0.18502454,0.24047649,0.8149755,0.24047649,0.8636363636363636
A22,1,T1,Control,0ms,22,0.3333699,0.3427289,0.6666301,0.3427289,0.5909090909090909
A22,1,T10,Control,0ms,22,0.7105927,0.32173878,0.28940734,0.32173878,0.2727272727272727
A22,1,T11,Control,0ms,22,0.6711034,0.34611928,0.32889658,0.34611928,0.36363636363636365
A22,1,T12,Control,0ms,22,0.7258028,0.28497407,0.27419722,0.28497407,0.3181818181818182
A22,1,T13,Control,0ms,22,0.8047092,0.29710373,0.19529082,0.29710373,0.18181818181818182
A22,1,T14,Control,0ms,22,0.7081974,0.37077746,0.29180256,0.3707775,0.3181818181818182
A22,1,T15,Control,0ms,22,0.75373745,0.3333696,0.24626257,0.33336958,0.22727272727272727
A22,1,T2,Control,0ms,22,0.28536475,0.32757366,0.7146353,0.32757366,0.7272727272727273
A22,1,T3,Control,0ms,22,0.42210177,0.34041238,0.57789826,0.34041238,0.5909090909090909
A22,1,T4,Control,0ms,22,0.4968384,0.34766188,0.5031616,0.34766188,0.5
A22,1,T5,Control,0ms,22,0.5000476,0.36317253,0.49995235,0.36317253,0.5454545454545454
A22,1,T6,Control,0ms,22,0.58494496,0.34506038,0.41505507,0.3450604,0.3181818181818182
A22,1,T7,Control,0ms,22,0.6130207,0.34357387,0.38697928,0.34357387,0.2727272727272727
A22,1,T8,Control,0ms,22,0.63010484,0.35020423,0.36989516,0.35020423,0.4090909090909091
A22,1,T9,Control,0ms,22,0.6798195,0.33957836,0.3201805,0.3395784,0.3181818181818182
A22,2,T0,Control,10000ms,24,0.13908981,0.21604092,0.8609102,0.21604092,0.9583333333333334
A22,2,T1,Control,10000ms,24,0.21930386,0.25558725,0.78069615,0.25558725,0.875
A22,2,T10,Control,10000ms,24,0.5841877,0.3497804,0.41581237,0.3497804,0.4166666666666667
A22,2,T11,Control,10000ms,24,0.6157995,0.38956338,0.38420048,0.38956338,0.3333333333333333
A22,2,T12,Control,10000ms,24,0.7167519,0.34802607,0.28324816,0.3480261,0.2916666666666667
A22,2,T13,Control,10000ms,24,0.7365939,0.37108094,0.26340607,0.37108094,0.2916666666666667
A22,2,T14,Control,10000ms,24,0.7537406,0.34752205,0.24625935,0.34752205,0.25
A22,2,T15,Control,10000ms,24,0.7694718,0.35098094,0.23052822,0.35098094,0.25
A22,2,T2,Control,10000ms,24,0.2647563,0.3064878,0.73524374,0.3064878,0.7083333333333334
A22,2,T3,Control,10000ms,24,0.29858437,0.31143367,0.7014156,0.31143367,0.7916666666666666
A22,2,T4,Control,10000ms,24,0.43145776,0.3486591,0.56854224,0.3486591,0.625
A22,2,T5,Control,10000ms,24,0.4714774,0.4113304,0.5285226,0.4113304,0.5833333333333334
A22,2,T6,Control,10000ms,24,0.5280245,0.37808242,0.47197554,0.37808242,0.4166666666666667
A22,2,T7,Control,10000ms,24,0.50906146,0.38682345,0.49093854,0.38682345,0.5
A22,2,T8,Control,10000ms,24,0.5981789,0.3381463,0.4018211,0.3381463,0.375
A22,2,T9,Control,10000ms,24,0.5923957,0.3315597,0.40760422,0.3315597,0.4166666666666667
A22,3,T0,Control,10000ms,20,0.080606826,0.18319868,0.9193932,0.18319868,0.95
A22,3,T1,Control,10000ms,20,0.1618301,0.2691752,0.8381699,0.26917517,0.9
A22,3,T10,Control,10000ms,20,0.57393426,0.406542,0.42606574,0.40654203,0.5
A22,3,T11,Control,10000ms,20,0.6572486,0.38239658,0.34275135,0.38239658,0.4
A22,3,T12,Control,10000ms,20,0.66670096,0.3517708,0.333299,0.3517708,0.3
A22,3,T13,Control,10000ms,20,0.7326292,0.3269497,0.26737082,0.3269497,0.2
A22,3,T14,Control,10000ms,20,0.7301407,0.35848132,0.2698593,0.35848132,0.25
A22,3,T15,Control,10000ms,20,0.7889829,0.35401383,0.21101709,0.35401383,0.25
A22,3,T2,Control,10000ms,20,0.25225314,0.36809275,0.7477468,0.36809275,0.75
A22,3,T3,Control,10000ms,20,0.4763638,0.39979878,0.5236362,0.39979878,0.5
A22,3,T4,Control,10000ms,20,0.4102633,0.38219187,0.5897367,0.38219187,0.6
A22,3,T5,Control,10000ms,20,0.45208392,0.35509062,0.54791605,0.35509062,0.6
A22,3,T6,Control,10000ms,20,0.49400654,0.36058283,0.5059935,0.36058283,0.6
A22,3,T7,Control,10000ms,20,0.65006435,0.34795523,0.34993568,0.34795523,0.3
A22,3,T8,Control,10000ms,20,0.6039993,0.37680212,0.39600065,0.3768021,0.35
A22,3,T9,Control,10000ms,20,0.64312184,0.35027415,0.3568781,0.35027415,0.35
A22,4,T0,Control,0ms,40,0.098739415,0.21898048,0.90126055,0.21898046,0.95
A22,4,T1,Control,0ms,40,0.23813911,0.31346008,0.7618609,0.31346008,0.825
A22,4,T10,Control,0ms,40,0.68176055,0.36081284,0.31823942,0.36081284,0.3
A22,4,T11,Control,0ms,40,0.67725503,0.3704082,0.322745,0.37040824,0.25
A22,4,T12,Control,0ms,40,0.6889822,0.3307561,0.3110178,0.3307561,0.325
A22,4,T13,Control,0ms,40,0.7711441,0.28078303,0.22885588,0.28078303,0.2
A22,4,T14,Control,0ms,40,0.7379495,0.3139557,0.2620505,0.3139557,0.275
A22,4,T15,Control,0ms,40,0.7817231,0.3293165,0.21827693,0.32931647,0.225
A22,4,T2,Control,0ms,40,0.29546142,0.34965274,0.7045386,0.34965274,0.7
A22,4,T3,Control,0ms,40,0.423563,0.39404598,0.576437,0.39404598,0.6
A22,4,T4,Control,0ms,40,0.43615142,0.41588554,0.5638486,0.41588554,0.55
A22,4,T5,Control,0ms,40,0.4237021,0.3964903,0.5762979,0.3964903,0.65
A22,4,T6,Control,0ms,40,0.45983297,0.3842103,0.54016703,0.3842103,0.6
A22,4,T7,Control,0ms,40,0.49177375,0.39124116,0.5082263,0.3912412,0.55
A22,4,T8,Control,0ms,40,0.64304245,0.36306933,0.35695755,0.36306933,0.375
A22,4,T9,Control,0ms,40,0.6436001,0.3686044,0.35639983,0.3686044,0.4
A23,1,T0,Control,0ms,18,0.0690679,0.112834685,0.93093216,0.112834685,1.0
A23,1,T1,Control,0ms,18,0.25194916,0.34918573,0.74805087,0.34918573,0.7777777777777778
A23,1,T10,Control,0ms,18,0.83285344,0.25000128,0.1671466,0.25000128,0.1111111111111111
A23,1,T11,Control,0ms,18,0.911235,0.17353365,0.088765085,0.17353366,0.05555555555555555
A23,1,T12,Control,0ms,18,0.8347227,0.22622071,0.1652773,0.22622071,0.16666666666666666
A23,1,T13,Control,0ms,18,0.8279731,0.25837415,0.17202683,0.25837415,0.16666666666666666
A23,1,T14,Control,0ms,18,0.9312508,0.1235116,0.06874923,0.123511605,0.0
A23,1,T15,Control,0ms,18,0.92894894,0.15114428,0.07105109,0.15114428,0.05555555555555555
A23,1,T2,Control,0ms,18,0.42514235,0.39476365,0.57485765,0.39476365,0.6111111111111112
A23,1,T3,Control,0ms,18,0.5653656,0.4149918,0.43463433,0.4149918,0.3888888888888889
A23,1,T4,Control,0ms,18,0.5480786,0.3790605,0.4519214,0.3790605,0.5
A23,1,T5,Control,0ms,18,0.6446299,0.40156147,0.35537007,0.40156144,0.3333333333333333
A23,1,T6,Control,0ms,18,0.56083673,0.37584445,0.4391633,0.37584442,0.3888888888888889
A23,1,T7,Control,0ms,18,0.59671474,0.37394363,0.40328524,0.37394366,0.4444444444444444
A23,1,T8,Control,0ms,18,0.710522,0.3436922,0.28947794,0.34369224,0.2222222222222222
A23,1,T9,Control,0ms,18,0.73623335,0.29454806,0.26376668,0.29454806,0.3333333333333333
A23,2,T0,Control,10000ms,26,0.1291684,0.19971015,0.87083155,0.19971016,0.9230769230769231
A23,2,T1,Control,10000ms,26,0.2637021,0.32875985,0.7362979,0.32875985,0.7307692307692307
A23,2,T10,Control,10000ms,26,0.5694407,0.34885058,0.43055928,0.34885058,0.5
A23,2,T11,Control,10000ms,26,0.7022915,0.30928472,0.29770854,0.30928472,0.3076923076923077
A23,2,T12,Control,10000ms,26,0.74151963,0.27600095,0.25848037,0.27600095,0.2692307692307692
A23,2,T13,Control,10000ms,26,0.6796939,0.31265163,0.32030612,0.3126516,0.3076923076923077
A23,2,T14,Control,10000ms,26,0.7359774,0.2958235,0.26402262,0.2958235,0.3076923076923077
A23,2,T15,Control,10000ms,26,0.8026653,0.24339376,0.19733477,0.24339376,0.19230769230769232
A23,2,T2,Control,10000ms,26,0.2608141,0.27747843,0.7391859,0.27747843,0.7692307692307693
A23,2,T3,Control,10000ms,26,0.28323334,0.29751873,0.71676666,0.29751873,0.7692307692307693
A23,2,T4,Control,10000ms,26,0.3645776,0.4037903,0.6354224,0.4037903,0.6538461538461539
A23,2,T5,Control,10000ms,26,0.45893437,0.3595877,0.54106563,0.3595877,0.6153846153846154
A23,2,T6,Control,10000ms,26,0.45354155,0.34675315,0.5464585,0.34675318,0.5769230769230769
A23,2,T7,Control,10000ms,26,0.47966206,0.34573665,0.52033794,0.34573665,0.5769230769230769
A23,2,T8,Control,10000ms,26,0.51714784,0.3753177,0.48285216,0.3753177,0.5769230769230769
A23,2,T9,Control,10000ms,26,0.5475997,0.36647114,0.45240036,0.36647117,0.46153846153846156
A23,3,T0,Control,10000ms,16,0.18636309,0.275891,0.8136369,0.275891,0.875
A23,3,T1,Control,10000ms,16,0.24488759,0.3466741,0.7551124,0.3466741,0.8125
A23,3,T10,Control,10000ms,16,0.73806137,0.30689397,0.26193863,0.30689397,0.25
A23,3,T11,Control,10000ms,16,0.8558632,0.27025333,0.14413674,0.27025333,0.125
A23,3,T12,Control,10000ms,16,0.86208284,0.23741889,0.1379172,0.23741888,0.125
A23,3,T13,Control,10000ms,16,0.83066905,0.32340756,0.16933097,0.32340756,0.1875
A23,3,T14,Control,10000ms,16,0.8117958,0.35423714,0.18820424,0.3542371,0.1875
A23,3,T15,Control,10000ms,16,0.90308034,0.2317582,0.096919656,0.2317582,0.0625
A23,3,T2,Control,10000ms,16,0.28962436,0.36018026,0.7103756,0.36018023,0.75
A23,3,T3,Control,10000ms,16,0.414004,0.38315782,0.585996,0.38315785,0.625
A23,3,T4,Control,10000ms,16,0.51913035,0.4250621,0.48086962,0.4250621,0.4375
A23,3,T5,Control,10000ms,16,0.62580943,0.40828866,0.3741906,0.40828866,0.4375
A23,3,T6,Control,10000ms,16,0.54082495,0.3545547,0.45917508,0.3545547,0.5
A23,3,T7,Control,10000ms,16,0.63020957,0.344037,0.36979043,0.344037,0.375
A23,3,T8,Control,10000ms,16,0.61397713,0.39621937,0.38602287,0.39621937,0.4375
A23,3,T9,Control,10000ms,16,0.72269416,0.36528584,0.27730587,0.36528584,0.25
A4,1,T0,Control,0ms,8,0.79080933,0.31383142,0.20919068,0.3138314,0.125
A4,1,T1,Control,0ms,8,0.85783243,0.1552327,0.14216754,0.15523268,0.0
A4,1,T10,Control,0ms,8,0.9069252,0.1787665,0.09307479,0.17876653,0.0
A4,1,T11,Control,0ms,8,0.92096233,0.10841167,0.079037696,0.108411655,0.0
A4,1,T12,Control,0ms,8,0.9263147,0.13240528,0.073685296,0.13240528,0.0
A4,1,T13,Control,0ms,8,0.929683,0.10686956,0.070316955,0.10686953,0.0
A4,1,T14,Control,0ms,8,0.9367032,0.11128466,0.06329676,0.11128465,0.0
A4,1,T15,Control,0ms,8,0.90395755,0.15049073,0.09604246,0.15049073,0.0
A4,1,T2,Control,0ms,8,0.769426,0.28401527,0.23057398,0.28401527,0.25
A4,1,T3,Control,0ms,8,0.7799116,0.27168715,0.22008845,0.27168715,0.25
A4,1,T4,Control,0ms,8,0.9261098,0.0949699,0.07389023,0.09496991,0.0
A4,1,T5,Control,0ms,8,0.90816486,0.13778996,0.09183514,0.13778996,0.0
A4,1,T6,Control,0ms,8,0.8929016,0.16869827,0.1070984,0.16869828,0.0
A4,1,T7,Control,0ms,8,0.91228986,0.14768218,0.08771014,0.14768216,0.0
A4,1,T8,Control,0ms,8,0.9212833,0.13580896,0.07871669,0.13580896,0.0
A4,1,T9,Control,0ms,8,0.9346434,0.120517656,0.0653566,0.12051763,0.0
A4,2,T0,Control,10000ms,17,0.8130393,0.30952838,0.18696067,0.30952838,0.17647058823529413
A4,2,T1,Control,10000ms,17,0.8425308,0.25955802,0.15746918,0.25955802,0.058823529411764705
A4,2,T10,Control,10000ms,17,0.89489913,0.20009927,0.105100855,0.20009927,0.058823529411764705
A4,2,T11,Control,10000ms,17,0.90062755,0.23530729,0.09937245,0.23530729,0.058823529411764705
A4,2,T12,Control,10000ms,17,0.95129687,0.06405696,0.048703115,0.06405696,0.0
A4,2,T13,Control,10000ms,17,0.9347214,0.11396751,0.06527863,0.1139675,0.0
A4,2,T14,Control,10000ms,17,0.9409723,0.101692006,0.059027664,0.101692006,0.0
A4,2,T15,Control,10000ms,17,0.9519034,0.07047476,0.048096597,0.07047476,0.0
A4,2,T2,Control,10000ms,17,0.8639526,0.24580845,0.13604744,0.24580845,0.058823529411764705
A4,2,T3,Control,10000ms,17,0.88163656,0.21736811,0.118363425,0.21736814,0.058823529411764705
A4,2,T4,Control,10000ms,17,0.89294434,0.20237276,0.10705566,0.20237276,0.058823529411764705
A4,2,T5,Control,10000ms,17,0.91539025,0.17307524,0.08460973,0.17307524,0.058823529411764705
A4,2,T6,Control,10000ms,17,0.90153384,0.17810036,0.09846613,0.17810036,0.058823529411764705
A4,2,T7,Control,10000ms,17,0.87534267,0.24953878,0.12465736,0.24953876,0.058823529411764705
A4,2,T8,Control,10000ms,17,0.88551027,0.24564767,0.11448975,0.24564767,0.058823529411764705
A4,2,T9,Control,10000ms,17,0.8824237,0.22509322,0.1175763,0.2250932,0.058823529411764705
A4,3,T0,Control,10000ms,18,0.71357435,0.38337743,0.28642565,0.38337743,0.3333333333333333
A4,3,T1,Control,10000ms,18,0.72981936,0.39687103,0.2701806,0.39687103,0.2777777777777778
A4,3,T10,Control,10000ms,18,0.7691767,0.3734768,0.23082334,0.3734768,0.2222222222222222
A4,3,T11,Control,10000ms,18,0.7350196,0.36858833,0.26498038,0.3685883,0.2777777777777778
A4,3,T12,Control,10000ms,18,0.76974934,0.3176519,0.23025066,0.3176519,0.2222222222222222
A4,3,T13,Control,10000ms,18,0.8164723,0.2864353,0.18352772,0.2864353,0.16666666666666666
A4,3,T14,Control,10000ms,18,0.77695084,0.30592945,0.2230492,0.30592945,0.2222222222222222
A4,3,T15,Control,10000ms,18,0.7657081,0.2976711,0.23429193,0.29767108,0.2777777777777778
A4,3,T2,Control,10000ms,18,0.725466,0.38750297,0.27453393,0.38750297,0.3333333333333333
A4,3,T3,Control,10000ms,18,0.72096264,0.37740886,0.27903736,0.3774089,0.3333333333333333
A4,3,T4,Control,10000ms,18,0.7323519,0.37673125,0.26764813,0.37673125,0.3333333333333333
A4,3,T5,Control,10000ms,18,0.7880736,0.35358718,0.2119264,0.3535872,0.2222222222222222
A4,3,T6,Control,10000ms,18,0.74550414,0.3508493,0.2544959,0.35084933,0.2777777777777778
A4,3,T7,Control,10000ms,18,0.74758315,0.35523957,0.2524169,0.3552396,0.2777777777777778
A4,3,T8,Control,10000ms,18,0.7229559,0.37674704,0.27704418,0.37674704,0.2777777777777778
A4,3,T9,Control,10000ms,18,0.7244959,0.3645913,0.27550414,0.3645913,0.3333333333333333
A4,4,T0,Control,0ms,13,0.6802174,0.36976668,0.31978267,0.36976668,0.38461538461538464
A4,4,T1,Control,0ms,13,0.66528034,0.4194814,0.3347197,0.4194814,0.3076923076923077
A4,4,T10,Control,0ms,13,0.86847275,0.2368978,0.13152729,0.23689778,0.15384615384615385
A4,4,T11,Control,0ms,13,0.8823011,0.19252996,0.11769888,0.19252996,0.07692307692307693
A4,4,T12,Control,0ms,13,0.908575,0.17180528,0.09142502,0.17180526,0.07692307692307693
A4,4,T13,Control,0ms,13,0.8846051,0.25955778,0.115394875,0.25955778,0.15384615384615385
A4,4,T14,Control,0ms,13,0.87341446,0.2775509,0.12658553,0.27755088,0.15384615384615385
A4,4,T15,Control,0ms,13,0.9106073,0.2517236,0.08939277,0.2517236,0.07692307692307693
A4,4,T2,Control,0ms,13,0.67691463,0.40313712,0.32308534,0.40313715,0.3076923076923077
A4,4,T3,Control,0ms,13,0.7603412,0.34935975,0.2396588,0.34935975,0.23076923076923078
A4,4,T4,Control,0ms,13,0.76280916,0.37282813,0.23719086,0.37282813,0.23076923076923078
A4,4,T5,Control,0ms,13,0.7567294,0.36618617,0.2432706,0.36618617,0.23076923076923078
A4,4,T6,Control,0ms,13,0.83687276,0.30061015,0.16312726,0.30061015,0.15384615384615385
A4,4,T7,Control,0ms,13,0.78638405,0.31607243,0.21361592,0.31607246,0.23076923076923078
A4,4,T8,Control,0ms,13,0.77511775,0.3688183,0.22488227,0.3688183,0.23076923076923078
A4,4,T9,Control,0ms,13,0.8031908,0.30352348,0.19680914,0.30352348,0.23076923076923078
A6,1,T0,Control,0ms,3,0.3153995,0.54610276,0.68460053,0.5461028,0.6666666666666666
A6,1,T1,Control,0ms,3,0.32778725,0.515028,0.6722128,0.51502806,0.6666666666666666
A6,1,T10,Control,0ms,3,0.7589807,0.116184354,0.24101935,0.11618437,0.0
A6,1,T11,Control,0ms,3,0.6566236,0.22127491,0.34337637,0.22127491,0.3333333333333333
A6,1,T12,Control,0ms,3,0.9490616,0.057210464,0.05093835,0.057210468,0.0
A6,1,T13,Control,0ms,3,0.8952542,0.098069645,0.10474581,0.09806967,0.0
A6,1,T14,Control,0ms,3,0.86339855,0.17978486,0.1366015,0.17978483,0.0
A6,1,T15,Control,0ms,3,0.66138643,0.46165216,0.3386136,0.4616522,0.3333333333333333
A6,1,T2,Control,0ms,3,0.3176711,0.54032564,0.68232894,0.54032564,0.6666666666666666
A6,1,T3,Control,0ms,3,0.3922501,0.48649824,0.6077499,0.48649824,0.6666666666666666
A6,1,T4,Control,0ms,3,0.3378484,0.5315636,0.66215163,0.5315636,0.6666666666666666
A6,1,T5,Control,0ms,3,0.4658525,0.40087116,0.5341475,0.40087122,0.3333333333333333
A6,1,T6,Control,0ms,3,0.6532981,0.33860376,0.34670186,0.33860376,0.3333333333333333
A6,1,T7,Control,0ms,3,0.5335956,0.38807142,0.4664044,0.38807145,0.3333333333333333
A6,1,T8,Control,0ms,3,0.5927273,0.504646,0.40727267,0.50464606,0.3333333333333333
A6,1,T9,Control,0ms,3,0.60355526,0.5125055,0.39644477,0.5125055,0.3333333333333333
A6,2,T0,Control,10000ms,28,0.40566972,0.4216816,0.5943303,0.4216816,0.5714285714285714
A6,2,T1,Control,10000ms,28,0.48381487,0.40770686,0.51618516,0.40770686,0.4642857142857143
A6,2,T10,Control,10000ms,28,0.75254506,0.29990622,0.24745496,0.2999062,0.14285714285714285
A6,2,T11,Control,10000ms,28,0.68449,0.30734807,0.31551003,0.30734804,0.32142857142857145
A6,2,T12,Control,10000ms,28,0.7508531,0.29960433,0.2491469,0.29960433,0.21428571428571427
A6,2,T13,Control,10000ms,28,0.8317002,0.2502957,0.1682998,0.2502957,0.10714285714285714
A6,2,T14,Control,10000ms,28,0.8239751,0.2365232,0.1760249,0.23652318,0.07142857142857142
A6,2,T15,Control,10000ms,28,0.84204084,0.17640294,0.15795915,0.17640294,0.07142857142857142
A6,2,T2,Control,10000ms,28,0.38835078,0.40526018,0.6116492,0.40526018,0.6071428571428571
A6,2,T3,Control,10000ms,28,0.37925765,0.39579737,0.6207424,0.39579737,0.6785714285714286
A6,2,T4,Control,10000ms,28,0.5534245,0.3614943,0.4465755,0.3614943,0.5
A6,2,T5,Control,10000ms,28,0.5638617,0.36033773,0.4361383,0.36033773,0.42857142857142855
A6,2,T6,Control,10000ms,28,0.61126107,0.3295114,0.3887389,0.32951137,0.2857142857142857
A6,2,T7,Control,10000ms,28,0.64915603,0.30954736,0.35084394,0.30954733,0.32142857142857145
A6,2,T8,Control,10000ms,28,0.65975636,0.33194017,0.3402436,0.33194017,0.2857142857142857
A6,2,T9,Control,10000ms,28,0.70402056,0.31471133,0.2959794,0.31471133,0.25
A6,3,T0,Control,10000ms,34,0.6128207,0.4132869,0.38717932,0.4132869,0.38235294117647056
A6,3,T1,Control,10000ms,34,0.6914559,0.39160445,0.3085441,0.39160445,0.2647058823529412
A6,3,T10,Control,10000ms,34,0.80936766,0.32600218,0.19063237,0.32600218,0.20588235294117646
A6,3,T11,Control,10000ms,34,0.83523643,0.302932,0.16476357,0.302932,0.14705882352941177
A6,3,T12,Control,10000ms,34,0.81834865,0.28175342,0.18165134,0.28175342,0.14705882352941177
A6,3,T13,Control,10000ms,34,0.8666398,0.24172337,0.13336018,0.24172336,0.08823529411764706
A6,3,T14,Control,10000ms,34,0.90335274,0.16179633,0.09664724,0.16179633,0.029411764705882353
A6,3,T15,Control,10000ms,34,0.8853652,0.19732398,0.114634804,0.19732398,0.08823529411764706
A6,3,T2,Control,10000ms,34,0.6820528,0.3894671,0.31794718,0.3894671,0.29411764705882354
A6,3,T3,Control,10000ms,34,0.72279775,0.3694931,0.27720228,0.3694931,0.2647058823529412
A6,3,T4,Control,10000ms,34,0.7270212,0.39677432,0.2729788,0.39677432,0.23529411764705882
A6,3,T5,Control,10000ms,34,0.7694389,0.36052203,0.23056106,0.36052203,0.23529411764705882
A6,3,T6,Control,10000ms,34,0.7373643,0.3559455,0.26263565,0.35594553,0.29411764705882354
A6,3,T7,Control,10000ms,34,0.74945813,0.3518253,0.25054184,0.35182533,0.14705882352941177
A6,3,T8,Control,10000ms,34,0.7185513,0.39996645,0.2814487,0.39996645,0.23529411764705882
A6,3,T9,Control,10000ms,34,0.80687296,0.3137953,0.19312704,0.3137953,0.17647058823529413
A6,4,T0,Control,0ms,26,0.4349212,0.40073717,0.5650788,0.40073717,0.5384615384615384
A6,4,T1,Control,0ms,26,0.5074388,0.41103408,0.4925612,0.41103408,0.5
A6,4,T10,Control,0ms,26,0.70824426,0.39185217,0.29175574,0.39185217,0.2692307692307692
A6,4,T11,Control,0ms,26,0.71612006,0.3813502,0.28387994,0.3813502,0.3076923076923077
A6,4,T12,Control,0ms,26,0.7587334,0.3306814,0.24126664,0.3306814,0.19230769230769232
A6,4,T13,Control,0ms,26,0.85800874,0.25240758,0.14199124,0.25240758,0.07692307692307693
A6,4,T14,Control,0ms,26,0.8421386,0.27676305,0.15786146,0.27676305,0.11538461538461539
A6,4,T15,Control,0ms,26,0.8309287,0.29053855,0.1690713,0.29053855,0.23076923076923078
A6,4,T2,Control,0ms,26,0.56995296,0.41572094,0.43004704,0.4157209,0.4230769230769231
A6,4,T3,Control,0ms,26,0.55515134,0.42313588,0.4448487,0.42313588,0.4230769230769231
A6,4,T4,Control,0ms,26,0.6185891,0.41417655,0.3814109,0.41417655,0.4230769230769231
A6,4,T5,Control,0ms,26,0.7071589,0.34738934,0.29284108,0.34738934,0.3076923076923077
A6,4,T6,Control,0ms,26,0.7240025,0.39282182,0.2759975,0.39282182,0.2692307692307692
A6,4,T7,Control,0ms,26,0.68961364,0.394252,0.31038636,0.394252,0.3076923076923077
A6,4,T8,Control,0ms,26,0.66231126,0.3789484,0.33768877,0.3789484,0.34615384615384615
A6,4,T9,Control,0ms,26,0.7249349,0.36460707,0.27506515,0.36460707,0.23076923076923078
A7,1,T0,Control,0ms,2,0.07683312,0.08907171,0.9231669,0.089071676,1.0
A7,1,T1,Control,0ms,2,0.46883512,0.6193624,0.5311649,0.6193624,0.5
A7,1,T10,Control,0ms,2,0.6938096,0.43288982,0.3061904,0.43288982,0.5
A7,1,T11,Control,0ms,2,0.7831344,0.30661267,0.21686557,0.30661267,0.0
A7,1,T12,Control,0ms,2,0.7542187,0.3475244,0.24578136,0.34752446,0.0
A7,1,T13,Control,0ms,2,0.93688405,0.08923504,0.06311601,0.08923509,0.0
A7,1,T14,Control,0ms,2,0.54595476,0.6421002,0.4540452,0.6421002,0.5
A7,1,T15,Control,0ms,2,0.7306784,0.38085938,0.2693216,0.38085935,0.5
A7,1,T2,Control,0ms,2,0.49449435,0.6893995,0.5055057,0.6893995,0.5
A7,1,T3,Control,0ms,2,0.51887953,0.6798156,0.48112047,0.6798156,0.5
A7,1,T4,Control,0ms,2,0.5139624,0.68735427,0.48603767,0.68735427,0.5
A7,1,T5,Control,0ms,2,0.53735006,0.6542786,0.46264997,0.65427864,0.5
A7,1,T6,Control,0ms,2,0.5159799,0.6844589,0.4840201,0.68445885,0.5
A7,1,T7,Control,0ms,2,0.50659746,0.69775665,0.4934025,0.6977566,0.5
A7,1,T8,Control,0ms,2,0.5069398,0.69722325,0.4930602,0.6972233,0.5
A7,1,T9,Control,0ms,2,0.50748366,0.69645107,0.49251634,0.6964511,0.5
A7,2,T0,Control,10000ms,19,0.08954136,0.12548976,0.9104586,0.12548974,1.0
A7,2,T1,Control,10000ms,19,0.108078144,0.21419615,0.8919219,0.21419613,0.9473684210526315
A7,2,T10,Control,10000ms,19,0.5784006,0.3767837,0.4215994,0.3767837,0.3684210526315789
A7,2,T11,Control,10000ms,19,0.5566643,0.38059312,0.44333574,0.38059312,0.3684210526315789
A7,2,T12,Control,10000ms,19,0.62802774,0.3834248,0.3719722,0.3834248,0.3684210526315789
A7,2,T13,Control,10000ms,19,0.702516,0.3472864,0.297484,0.34728637,0.3157894736842105
A7,2,T14,Control,10000ms,19,0.7009315,0.31851923,0.29906854,0.31851923,0.21052631578947367
A7,2,T15,Control,10000ms,19,0.74119717,0.3521832,0.2588028,0.3521832,0.21052631578947367
A7,2,T2,Control,10000ms,19,0.27379742,0.30115998,0.72620255,0.30115998,0.7368421052631579
A7,2,T3,Control,10000ms,19,0.32971373,0.34267524,0.6702863,0.34267524,0.7894736842105263
A7,2,T4,Control,10000ms,19,0.38436055,0.3966739,0.61563945,0.39667392,0.631578947368421
A7,2,T5,Control,10000ms,19,0.44995204,0.3765138,0.550048,0.3765138,0.631578947368421
A7,2,T6,Control,10000ms,19,0.60792524,0.36904162,0.3920748,0.36904162,0.3684210526315789
A7,2,T7,Control,10000ms,19,0.57338285,0.41660774,0.42661712,0.41660774,0.3684210526315789
A7,2,T8,Control,10000ms,19,0.6027238,0.38348827,0.39727622,0.38348827,0.3684210526315789
A7,2,T9,Control,10000ms,19,0.5872486,0.39923537,0.41275135,0.39923537,0.42105263157894735
A7,3,T0,Control,10000ms,25,0.25234792,0.2786937,0.74765205,0.2786937,0.84
A7,3,T1,Control,10000ms,25,0.41711947,0.34223753,0.5828805,0.34223753,0.64
A7,3,T10,Control,10000ms,25,0.70026886,0.34431484,0.29973114,0.34431484,0.32
A7,3,T11,Control,10000ms,25,0.69381714,0.3314033,0.3061829,0.3314033,0.32
A7,3,T12,Control,10000ms,25,0.7336221,0.34450948,0.2663779,0.34450945,0.28
A7,3,T13,Control,10000ms,25,0.76447386,0.30887,0.23552613,0.30886996,0.28
A7,3,T14,Control,10000ms,25,0.7363075,0.34122306,0.26369244,0.3412231,0.24
A7,3,T15,Control,10000ms,25,0.72686803,0.3576731,0.2731319,0.3576731,0.24
A7,3,T2,Control,10000ms,25,0.47633862,0.3691082,0.5236614,0.3691082,0.6
A7,3,T3,Control,10000ms,25,0.5186365,0.36845952,0.48136348,0.36845952,0.48
A7,3,T4,Control,10000ms,25,0.58496416,0.3805716,0.41503584,0.3805716,0.48
A7,3,T5,Control,10000ms,25,0.7400128,0.32238227,0.25998718,0.32238227,0.24
A7,3,T6,Control,10000ms,25,0.7069127,0.33638847,0.29308727,0.33638847,0.32
A7,3,T7,Control,10000ms,25,0.7000809,0.32849187,0.29991913,0.32849187,0.32
A7,3,T8,Control,10000ms,25,0.7037288,0.3695235,0.2962712,0.3695235,0.28
A7,3,T9,Control,10000ms,25,0.73596406,0.29740557,0.2640359,0.29740557,0.28
A7,4,T0,Control,0ms,10,0.22984147,0.2851988,0.7701586,0.28519878,0.9
A7,4,T1,Control,0ms,10,0.33143413,0.38119042,0.66856587,0.38119045,0.7
A7,4,T10,Control,0ms,10,0.6591567,0.3219657,0.34084326,0.3219657,0.5
A7,4,T11,Control,0ms,10,0.74081904,0.32718438,0.25918096,0.32718438,0.2
A7,4,T12,Control,0ms,10,0.84013593,0.23427153,0.15986404,0.23427153,0.1
A7,4,T13,Control,0ms,10,0.7720981,0.36593285,0.2279019,0.36593285,0.3
A7,4,T14,Control,0ms,10,0.7464646,0.3763618,0.25353542,0.3763618,0.3
A7,4,T15,Control,0ms,10,0.8052961,0.34302115,0.19470388,0.34302118,0.2
A7,4,T2,Control,0ms,10,0.41410035,0.33579984,0.58589965,0.33579984,0.6
A7,4,T3,Control,0ms,10,0.31177956,0.3773907,0.6882204,0.3773907,0.7
A7,4,T4,Control,0ms,10,0.43621603,0.32519948,0.563784,0.32519948,0.8
A7,4,T5,Control,0ms,10,0.5688046,0.38530824,0.43119535,0.38530824,0.4
A7,4,T6,Control,0ms,10,0.47743374,0.3417398,0.52256626,0.3417398,0.5
A7,4,T7,Control,0ms,10,0.5452349,0.35314193,0.45476508,0.35314196,0.5
A7,4,T8,Control,0ms,10,0.48724094,0.39863777,0.51275903,0.39863777,0.6
A7,4,T9,Control,0ms,10,0.5971985,0.38786897,0.4028015,0.38786894,0.4
A8,1,T0,Control,0ms,6,0.102275155,0.19996417,0.89772487,0.19996418,0.8333333333333334
A8,1,T1,Control,0ms,6,0.40185383,0.3891417,0.5981462,0.3891417,0.6666666666666666
A8,1,T10,Control,0ms,6,0.6411764,0.41289127,0.35882357,0.41289127,0.3333333333333333
A8,1,T11,Control,0ms,6,0.79559946,0.2514921,0.20440055,0.2514921,0.16666666666666666
A8,1,T12,Control,0ms,6,0.73025185,0.3530782,0.26974812,0.3530782,0.3333333333333333
A8,1,T13,Control,0ms,6,0.6331247,0.41532686,0.36687532,0.41532686,0.5
A8,1,T14,Control,0ms,6,0.82850987,0.26473832,0.17149012,0.2647383,0.3333333333333333
A8,1,T15,Control,0ms,6,0.60827404,0.44017532,0.3917259,0.44017527,0.5
A8,1,T2,Control,0ms,6,0.44723582,0.297763,0.5527642,0.29776302,0.5
A8,1,T3,Control,0ms,6,0.35246047,0.36774245,0.64753956,0.36774245,0.6666666666666666
A8,1,T4,Control,0ms,6,0.5754404,0.3441317,0.4245596,0.34413168,0.3333333333333333
A8,1,T5,Control,0ms,6,0.8086048,0.27688983,0.19139521,0.27688986,0.16666666666666666
A8,1,T6,Control,0ms,6,0.78634185,0.23341392,0.21365817,0.23341395,0.16666666666666666
A8,1,T7,Control,0ms,6,0.7066746,0.36806363,0.29332542,0.36806366,0.3333333333333333
A8,1,T8,Control,0ms,6,0.5503302,0.46457666,0.4496698,0.46457666,0.5
A8,1,T9,Control,0ms,6,0.5540424,0.35248423,0.44595763,0.3524842,0.5
A8,2,T0,Control,10000ms,14,0.18776657,0.20181288,0.81223345,0.20181286,0.8571428571428571
A8,2,T1,Control,10000ms,14,0.23883356,0.28247643,0.76116645,0.28247643,0.7857142857142857
A8,2,T10,Control,10000ms,14,0.5691858,0.34787872,0.43081424,0.3478787,0.5
A8,2,T11,Control,10000ms,14,0.5452928,0.31265455,0.4547072,0.31265455,0.5
A8,2,T12,Control,10000ms,14,0.5924334,0.31009564,0.4075666,0.31009564,0.5
A8,2,T13,Control,10000ms,14,0.63939464,0.31294885,0.36060542,0.31294882,0.2857142857142857
A8,2,T14,Control,10000ms,14,0.6675224,0.3036052,0.33247763,0.3036052,0.2857142857142857
A8,2,T15,Control,10000ms,14,0.5932172,0.3652194,0.4067828,0.36521938,0.42857142857142855
A8,2,T2,Control,10000ms,14,0.3313728,0.28017586,0.6686272,0.28017583,0.6428571428571429
A8,2,T3,Control,10000ms,14,0.2424415,0.28329492,0.75755847,0.28329492,0.8571428571428571
A8,2,T4,Control,10000ms,14,0.36544418,0.34051588,0.6345558,0.3405159,0.6428571428571429
A8,2,T5,Control,10000ms,14,0.43093064,0.3565503,0.5690693,0.35655028,0.5714285714285714
A8,2,T6,Control,10000ms,14,0.45203257,0.3300584,0.54796743,0.3300584,0.6428571428571429
A8,2,T7,Control,10000ms,14,0.4754152,0.3834122,0.52458483,0.3834122,0.5714285714285714
A8,2,T8,Control,10000ms,14,0.50061923,0.3387384,0.49938077,0.3387384,0.5714285714285714
A8,2,T9,Control,10000ms,14,0.57315457,0.28009576,0.42684537,0.2800958,0.5
A8,3,T0,Control,10000ms,25,0.12296817,0.22868069,0.87703186,0.22868069,0.88
A8,3,T1,Control,10000ms,25,0.21856306,0.31476372,0.7814369,0.3147637,0.84
A8,3,T10,Control,10000ms,25,0.7274743,0.32654476,0.27252573,0.32654476,0.24
A8,3,T11,Control,10000ms,25,0.7599117,0.33709273,0.24008827,0.33709273,0.2
A8,3,T12,Control,10000ms,25,0.7391002,0.3156642,0.26089984,0.3156642,0.24
A8,3,T13,Control,10000ms,25,0.7808781,0.338775,0.21912187,0.338775,0.2
A8,3,T14,Control,10000ms,25,0.8157725,0.27586463,0.18422756,0.27586463,0.16
A8,3,T15,Control,10000ms,25,0.83518034,0.23392406,0.16481966,0.23392405,0.16
A8,3,T2,Control,10000ms,25,0.28322685,0.31919593,0.71677315,0.3191959,0.76
A8,3,T3,Control,10000ms,25,0.36186722,0.38287523,0.6381328,0.38287523,0.64
A8,3,T4,Control,10000ms,25,0.43006352,0.39288914,0.5699365,0.39288914,0.64
A8,3,T5,Control,10000ms,25,0.56647307,0.42100817,0.43352687,0.42100817,0.44
A8,3,T6,Control,10000ms,25,0.5518955,0.38430095,0.44810447,0.38430095,0.52
A8,3,T7,Control,10000ms,25,0.617411,0.41132697,0.38258898,0.41132697,0.4
A8,3,T8,Control,10000ms,25,0.6924518,0.3894257,0.30754822,0.38942567,0.36
A8,3,T9,Control,10000ms,25,0.72134453,0.32529956,0.27865547,0.3252996,0.24
A8,4,T0,Control,0ms,30,0.16393061,0.1937976,0.83606935,0.1937976,0.9333333333333333
A8,4,T1,Control,0ms,30,0.22644691,0.24901366,0.7735531,0.24901365,0.8666666666666667
A8,4,T10,Control,0ms,30,0.67319477,0.3458731,0.32680523,0.3458731,0.3
A8,4,T11,Control,0ms,30,0.69243807,0.33585116,0.30756193,0.33585116,0.3
A8,4,T12,Control,0ms,30,0.7224014,0.31159183,0.2775986,0.31159183,0.26666666666666666
A8,4,T13,Control,0ms,30,0.7009825,0.34895036,0.29901743,0.34895036,0.3333333333333333
A8,4,T14,Control,0ms,30,0.7276963,0.30499515,0.27230367,0.30499512,0.26666666666666666
A8,4,T15,Control,0ms,30,0.7208372,0.32168898,0.27916282,0.32168895,0.3333333333333333
A8,4,T2,Control,0ms,30,0.29749307,0.30418843,0.70250696,0.30418843,0.8333333333333334
A8,4,T3,Control,0ms,30,0.3135552,0.32436106,0.6864448,0.32436106,0.7666666666666667
A8,4,T4,Control,0ms,30,0.48186648,0.34139708,0.5181335,0.34139708,0.6
A8,4,T5,Control,0ms,30,0.55131114,0.3434085,0.4486889,0.3434085,0.5333333333333333
A8,4,T6,Control,0ms,30,0.49952975,0.35762,0.5004703,0.35762,0.5333333333333333
A8,4,T7,Control,0ms,30,0.5869313,0.36120412,0.41306874,0.36120415,0.4666666666666667
A8,4,T8,Control,0ms,30,0.56056815,0.37543908,0.43943182,0.37543908,0.4666666666666667
A8,4,T9,Control,0ms,30,0.6314678,0.37558815,0.36853218,0.37558815,0.4
A9,1,T0,Control,0ms,3,0.21001983,0.22782633,0.7899802,0.22782633,1.0
A9,1,T1,Control,0ms,3,0.2835476,0.090856306,0.7164524,0.090856336,1.0
A9,1,T10,Control,0ms,3,0.46468437,0.08554821,0.53531563,0.0855482,0.6666666666666666
A9,1,T11,Control,0ms,3,0.49526572,0.3356982,0.5047343,0.3356982,0.6666666666666666
A9,1,T12,Control,0ms,3,0.49094644,0.048698302,0.5090535,0.048698347,0.6666666666666666
A9,1,T13,Control,0ms,3,0.6903796,0.23970775,0.30962044,0.23970774,0.3333333333333333
A9,1,T14,Control,0ms,3,0.59558856,0.31674337,0.40441144,0.31674337,0.3333333333333333
A9,1,T15,Control,0ms,3,0.76642317,0.36812526,0.2335769,0.3681253,0.3333333333333333
A9,1,T2,Control,0ms,3,0.54055136,0.059736446,0.4594487,0.059736438,0.3333333333333333
A9,1,T3,Control,0ms,3,0.5697885,0.2900552,0.43021142,0.2900552,0.3333333333333333
A9,1,T4,Control,0ms,3,0.738319,0.2872849,0.26168105,0.28728494,0.3333333333333333
A9,1,T5,Control,0ms,3,0.7273,0.41851863,0.27270004,0.41851863,0.3333333333333333
A9,1,T6,Control,0ms,3,0.9023917,0.09059649,0.097608335,0.0905965,0.0
A9,1,T7,Control,0ms,3,0.62675375,0.33687207,0.37324628,0.33687204,0.3333333333333333
A9,1,T8,Control,0ms,3,0.6977083,0.064828165,0.3022917,0.064828195,0.0
A9,1,T9,Control,0ms,3,0.54657763,0.11046141,0.45342234,0.110461414,0.3333333333333333
A9,2,T0,Control,10000ms,27,0.22238275,0.31791887,0.7776173,0.31791887,0.8148148148148148
A9,2,T1,Control,10000ms,27,0.4023128,0.3439294,0.59768724,0.3439294,0.6296296296296297
A9,2,T10,Control,10000ms,27,0.69840914,0.34075865,0.30159086,0.34075865,0.2962962962962963
A9,2,T11,Control,10000ms,27,0.6466401,0.37598956,0.35335985,0.37598956,0.4074074074074074
A9,2,T12,Control,10000ms,27,0.68251014,0.3489922,0.31748983,0.3489922,0.37037037037037035
A9,2,T13,Control,10000ms,27,0.7454147,0.3307316,0.2545854,0.3307316,0.25925925925925924
A9,2,T14,Control,10000ms,27,0.6658921,0.38767466,0.33410785,0.38767466,0.37037037037037035
A9,2,T15,Control,10000ms,27,0.7658948,0.2836854,0.23410523,0.2836854,0.25925925925925924
A9,2,T2,Control,10000ms,27,0.34952742,0.34512475,0.6504726,0.34512478,0.7407407407407407
A9,2,T3,Control,10000ms,27,0.46727332,0.3713209,0.5327267,0.3713209,0.5185185185185185
A9,2,T4,Control,10000ms,27,0.57491004,0.3506045,0.42509,0.3506045,0.4444444444444444
A9,2,T5,Control,10000ms,27,0.64584213,0.37039825,0.35415787,0.37039825,0.4074074074074074
A9,2,T6,Control,10000ms,27,0.6067348,0.36580357,0.3932652,0.36580357,0.4444444444444444
A9,2,T7,Control,10000ms,27,0.63321185,0.35491368,0.36678812,0.35491368,0.4074074074074074
A9,2,T8,Control,10000ms,27,0.7035343,0.332661,0.29646567,0.332661,0.3333333333333333
A9,2,T9,Control,10000ms,27,0.66299665,0.36378694,0.33700335,0.36378694,0.4074074074074074
A9,3,T0,Control,10000ms,32,0.19245912,0.32341507,0.8075409,0.3234151,0.78125
A9,3,T1,Control,10000ms,32,0.27189767,0.35749525,0.7281023,0.35749525,0.78125
A9,3,T10,Control,10000ms,32,0.658677,0.36304337,0.341323,0.36304334,0.3125
A9,3,T11,Control,10000ms,32,0.6942501,0.3277122,0.30574992,0.3277122,0.25
A9,3,T12,Control,10000ms,32,0.6353645,0.3873756,0.36463556,0.3873756,0.34375
A9,3,T13,Control,10000ms,32,0.7175699,0.34890714,0.28243014,0.34890714,0.25
A9,3,T14,Control,10000ms,32,0.7326427,0.31451607,0.26735732,0.3145161,0.25
A9,3,T15,Control,10000ms,32,0.84511757,0.22860664,0.15488242,0.22860664,0.0625
A9,3,T2,Control,10000ms,32,0.3482591,0.35940212,0.6517409,0.35940212,0.6875
A9,3,T3,Control,10000ms,32,0.39767984,0.4051511,0.60232013,0.4051511,0.59375
A9,3,T4,Control,10000ms,32,0.53788,0.36348438,0.46212003,0.36348438,0.46875
A9,3,T5,Control,10000ms,32,0.5046032,0.39007732,0.49539676,0.39007732,0.5
A9,3,T6,Control,10000ms,32,0.573558,0.37271374,0.42644203,0.37271374,0.40625
A9,3,T7,Control,10000ms,32,0.49930412,0.3871098,0.5006959,0.3871098,0.5
A9,3,T8,Control,10000ms,32,0.571493,0.39853066,0.42850697,0.39853066,0.40625
A9,3,T9,Control,10000ms,32,0.60673267,0.36739698,0.39326736,0.36739698,0.40625
A9,4,T0,Control,0ms,19,0.20298712,0.29092914,0.79701287,0.29092917,0.8421052631578947
A9,4,T1,Control,0ms,19,0.27693528,0.35133755,0.7230647,0.35133752,0.7368421052631579
A9,4,T10,Control,0ms,19,0.6998964,0.3420812,0.3001036,0.34208116,0.3157894736842105
A9,4,T11,Control,0ms,19,0.74113727,0.34292018,0.25886273,0.34292018,0.21052631578947367
A9,4,T12,Control,0ms,19,0.74707174,0.3482071,0.25292823,0.3482071,0.2631578947368421
A9,4,T13,Control,0ms,19,0.7302875,0.34317762,0.2697125,0.34317762,0.21052631578947367
A9,4,T14,Control,0ms,19,0.74788743,0.32499737,0.25211254,0.32499737,0.2631578947368421
A9,4,T15,Control,0ms,19,0.74402136,0.3252767,0.25597864,0.3252767,0.2631578947368421
A9,4,T2,Control,0ms,19,0.4102365,0.35977578,0.58976346,0.35977578,0.631578947368421
A9,4,T3,Control,0ms,19,0.3701373,0.4274025,0.62986267,0.42740247,0.631578947368421
A9,4,T4,Control,0ms,19,0.48328802,0.3728949,0.51671195,0.3728949,0.5263157894736842
A9,4,T5,Control,0ms,19,0.5621813,0.4313286,0.43781868,0.43132856,0.42105263157894735
A9,4,T6,Control,0ms,19,0.6081754,0.3719153,0.3918246,0.3719153,0.3684210526315789
A9,4,T7,Control,0ms,19,0.5622371,0.40254918,0.43776292,0.40254918,0.42105263157894735
A9,4,T8,Control,0ms,19,0.6479968,0.37264195,0.3520032,0.37264195,0.2631578947368421
A9,4,T9,Control,0ms,19,0.7468534,0.31772146,0.25314656,0.31772146,0.2631578947368421
B1,1,T0,Control,0ms,15,0.13796963,0.1934807,0.8620303,0.19348069,0.9333333333333333
B1,1,T1,Control,0ms,15,0.24223365,0.23684208,0.75776637,0.23684208,0.8
B1,1,T10,Control,0ms,15,0.64295906,0.3070321,0.35704094,0.30703214,0.4
B1,1,T11,Control,0ms,15,0.5895647,0.32585233,0.4104353,0.3258523,0.4666666666666667
B1,1,T12,Control,0ms,15,0.714901,0.302752,0.28509906,0.302752,0.26666666666666666
B1,1,T13,Control,0ms,15,0.7034988,0.3149981,0.29650125,0.3149981,0.26666666666666666
B1,1,T14,Control,0ms,15,0.7078969,0.30860302,0.29210314,0.308603,0.26666666666666666
B1,1,T15,Control,0ms,15,0.75445867,0.2664044,0.24554133,0.2664044,0.26666666666666666
B1,1,T2,Control,0ms,15,0.2625068,0.29762247,0.7374932,0.29762247,0.8
B1,1,T3,Control,0ms,15,0.2811759,0.33017847,0.7188241,0.33017847,0.8
B1,1,T4,Control,0ms,15,0.28228614,0.36301446,0.7177139,0.36301446,0.7333333333333333
B1,1,T5,Control,0ms,15,0.29724485,0.25503933,0.70275515,0.25503933,0.8
B1,1,T6,Control,0ms,15,0.40227482,0.30310822,0.59772515,0.30310822,0.5333333333333333
B1,1,T7,Control,0ms,15,0.35709462,0.3195231,0.6429054,0.3195231,0.7333333333333333
B1,1,T8,Control,0ms,15,0.50589895,0.37435427,0.49410105,0.37435427,0.5333333333333333
B1,1,T9,Control,0ms,15,0.53875405,0.3010723,0.46124595,0.30107233,0.4666666666666667
B1,2,T0,Control,10000ms,39,0.10965567,0.1570027,0.89034426,0.1570027,0.9743589743589743
B1,2,T1,Control,10000ms,39,0.17801797,0.20444517,0.8219821,0.20444517,0.9230769230769231
B1,2,T10,Control,10000ms,39,0.63836676,0.37918112,0.36163324,0.37918112,0.41025641025641024
B1,2,T11,Control,10000ms,39,0.67359155,0.35363778,0.32640842,0.35363778,0.358974358974359
B1,2,T12,Control,10000ms,39,0.63593924,0.38415793,0.36406073,0.38415793,0.38461538461538464
B1,2,T13,Control,10000ms,39,0.66750586,0.3727847,0.33249414,0.3727847,0.3333333333333333
B1,2,T14,Control,10000ms,39,0.73387945,0.3182713,0.26612055,0.31827128,0.28205128205128205
B1,2,T15,Control,10000ms,39,0.762488,0.30224445,0.237512,0.30224445,0.2564102564102564
B1,2,T2,Control,10000ms,39,0.23849915,0.284826,0.76150084,0.284826,0.8717948717948718
B1,2,T3,Control,10000ms,39,0.38781825,0.32261053,0.6121818,0.32261053,0.6666666666666666
B1,2,T4,Control,10000ms,39,0.32264864,0.3070492,0.67735136,0.30704924,0.717948717948718
B1,2,T5,Control,10000ms,39,0.44181868,0.37547198,0.55818135,0.37547198,0.5641025641025641
B1,2,T6,Control,10000ms,39,0.45208418,0.3485913,0.5479158,0.3485913,0.5897435897435898
B1,2,T7,Control,10000ms,39,0.44285148,0.3375754,0.5571485,0.33757544,0.5897435897435898
B1,2,T8,Control,10000ms,39,0.51986945,0.3463698,0.48013055,0.3463698,0.5128205128205128
B1,2,T9,Control,10000ms,39,0.6237576,0.33643922,0.37624243,0.33643922,0.38461538461538464
B1,3,T0,Control,10000ms,42,0.1293466,0.20396644,0.87065345,0.20396644,0.9285714285714286
B1,3,T1,Control,10000ms,42,0.17278062,0.24067855,0.82721937,0.24067853,0.8809523809523809
B1,3,T10,Control,10000ms,42,0.6485171,0.3646962,0.35148296,0.3646962,0.35714285714285715
B1,3,T11,Control,10000ms,42,0.6365079,0.33195212,0.36349204,0.33195212,0.40476190476190477
B1,3,T12,Control,10000ms,42,0.6654033,0.3441145,0.33459672,0.3441145,0.35714285714285715
B1,3,T13,Control,10000ms,42,0.748122,0.28642735,0.25187802,0.28642735,0.21428571428571427
B1,3,T14,Control,10000ms,42,0.782838,0.28650972,0.217162,0.28650975,0.23809523809523808
B1,3,T15,Control,10000ms,42,0.7602073,0.3103085,0.23979269,0.3103085,0.2619047619047619
B1,3,T2,Control,10000ms,42,0.19896547,0.25032836,0.80103445,0.25032836,0.8571428571428571
B1,3,T3,Control,10000ms,42,0.36113036,0.3132331,0.63886964,0.3132331,0.6666666666666666
B1,3,T4,Control,10000ms,42,0.42991376,0.30844587,0.5700862,0.30844587,0.5714285714285714
B1,3,T5,Control,10000ms,42,0.39916012,0.3307035,0.6008399,0.3307035,0.6666666666666666
B1,3,T6,Control,10000ms,42,0.42940497,0.35534683,0.570595,0.35534683,0.5714285714285714
B1,3,T7,Control,10000ms,42,0.5216222,0.35521364,0.47837785,0.35521364,0.5
B1,3,T8,Control,10000ms,42,0.53686905,0.3564852,0.46313095,0.3564852,0.42857142857142855
B1,3,T9,Control,10000ms,42,0.63223505,0.3170902,0.36776498,0.3170902,0.3333333333333333
B1,4,T0,Control,0ms,33,0.16763707,0.27463678,0.83236295,0.27463678,0.8787878787878788
B1,4,T1,Control,0ms,33,0.24406786,0.32405466,0.75593215,0.32405466,0.7878787878787878
B1,4,T10,Control,0ms,33,0.67965007,0.32722136,0.32034996,0.32722136,0.24242424242424243
B1,4,T11,Control,0ms,33,0.6792434,0.34008163,0.3207566,0.34008163,0.3333333333333333
B1,4,T12,Control,0ms,33,0.67004395,0.36924425,0.32995605,0.36924425,0.36363636363636365
B1,4,T13,Control,0ms,33,0.72078913,0.3285108,0.27921087,0.32851082,0.2727272727272727
B1,4,T14,Control,0ms,33,0.7468522,0.32616428,0.25314778,0.32616428,0.2727272727272727
B1,4,T15,Control,0ms,33,0.81791145,0.27176726,0.18208858,0.27176726,0.18181818181818182
B1,4,T2,Control,0ms,33,0.33572847,0.3338987,0.6642715,0.3338987,0.696969696969697
B1,4,T3,Control,0ms,33,0.42913002,0.3681598,0.57087004,0.3681598,0.5757575757575758
B1,4,T4,Control,0ms,33,0.41524047,0.38478658,0.58475953,0.38478655,0.6363636363636364
B1,4,T5,Control,0ms,33,0.49667132,0.36194822,0.5033287,0.36194822,0.5151515151515151
B1,4,T6,Control,0ms,33,0.4887392,0.3761238,0.5112608,0.3761238,0.45454545454545453
B1,4,T7,Control,0ms,33,0.5624211,0.36077994,0.43757886,0.36077994,0.48484848484848486
B1,4,T8,Control,0ms,33,0.5681446,0.33752513,0.4318554,0.33752516,0.42424242424242425
B1,4,T9,Control,0ms,33,0.598499,0.36419955,0.401501,0.36419955,0.42424242424242425
B2,1,T0,Control,0ms,19,0.2494823,0.29776168,0.75051767,0.29776168,0.7368421052631579
B2,1,T1,Control,0ms,19,0.26449338,0.29865515,0.73550665,0.29865515,0.7894736842105263
B2,1,T10,Control,0ms,19,0.51120937,0.3359978,0.48879057,0.3359978,0.5789473684210527
B2,1,T11,Control,0ms,19,0.56485766,0.375833,0.43514237,0.375833,0.47368421052631576
B2,1,T12,Control,0ms,19,0.64650846,0.3201195,0.35349154,0.3201195,0.3157894736842105
B2,1,T13,Control,0ms,19,0.5423051,0.3774965,0.45769492,0.3774965,0.47368421052631576
B2,1,T14,Control,0ms,19,0.6681195,0.33834457,0.33188048,0.33834457,0.3684210526315789
B2,1,T15,Control,0ms,19,0.7027099,0.3144458,0.29729012,0.31444582,0.42105263157894735
B2,1,T2,Control,0ms,19,0.42962575,0.37488616,0.57037425,0.37488613,0.5789473684210527
B2,1,T3,Control,0ms,19,0.3914022,0.31791624,0.60859776,0.31791624,0.631578947368421
B2,1,T4,Control,0ms,19,0.50483596,0.3857129,0.495164,0.3857129,0.47368421052631576
B2,1,T5,Control,0ms,19,0.55536604,0.35936284,0.444634,0.35936287,0.5263157894736842
B2,1,T6,Control,0ms,19,0.5055589,0.30584913,0.4944411,0.30584913,0.5789473684210527
B2,1,T7,Control,0ms,19,0.4572682,0.32902753,0.54273176,0.32902753,0.5789473684210527
B2,1,T8,Control,0ms,19,0.4424019,0.3580528,0.5575982,0.3580528,0.631578947368421
B2,1,T9,Control,0ms,19,0.5011074,0.360677,0.49889264,0.360677,0.5263157894736842
B2,2,T0,Control,10000ms,28,0.19044483,0.28049636,0.8095552,0.28049636,0.8571428571428571
B2,2,T1,Control,10000ms,28,0.2499787,0.28558245,0.75002134,0.28558245,0.8214285714285714
B2,2,T10,Control,10000ms,28,0.62123966,0.30238098,0.3787603,0.30238098,0.32142857142857145
B2,2,T11,Control,10000ms,28,0.6140604,0.34111014,0.38593957,0.3411101,0.35714285714285715
B2,2,T12,Control,10000ms,28,0.69915813,0.27813366,0.30084187,0.27813366,0.35714285714285715
B2,2,T13,Control,10000ms,28,0.64078283,0.35017705,0.35921717,0.35017705,0.39285714285714285
B2,2,T14,Control,10000ms,28,0.7141477,0.32872143,0.28585228,0.32872143,0.2857142857142857
B2,2,T15,Control,10000ms,28,0.7368771,0.27276164,0.2631229,0.27276164,0.32142857142857145
B2,2,T2,Control,10000ms,28,0.319941,0.33217463,0.68005896,0.33217463,0.6785714285714286
B2,2,T3,Control,10000ms,28,0.3423654,0.32525617,0.6576346,0.32525617,0.7142857142857143
B2,2,T4,Control,10000ms,28,0.3802063,0.36153603,0.6197937,0.36153603,0.6785714285714286
B2,2,T5,Control,10000ms,28,0.4442114,0.35767046,0.55578864,0.35767043,0.5714285714285714
B2,2,T6,Control,10000ms,28,0.45257726,0.34889787,0.54742277,0.34889787,0.5714285714285714
B2,2,T7,Control,10000ms,28,0.53639835,0.37025145,0.46360165,0.37025145,0.4642857142857143
B2,2,T8,Control,10000ms,28,0.50647527,0.38018036,0.49352473,0.38018036,0.5357142857142857
B2,2,T9,Control,10000ms,28,0.5388562,0.37369388,0.4611438,0.37369385,0.42857142857142855
B2,3,T0,Control,10000ms,39,0.077285096,0.11857032,0.9227149,0.11857031,1.0
B2,3,T1,Control,10000ms,39,0.18533681,0.2573741,0.8146632,0.2573741,0.8717948717948718
B2,3,T10,Control,10000ms,39,0.5432905,0.34857833,0.4567095,0.34857833,0.46153846153846156
B2,3,T11,Control,10000ms,39,0.5580379,0.36189792,0.44196212,0.36189792,0.4358974358974359
B2,3,T12,Control,10000ms,39,0.64210844,0.34828365,0.3578916,0.34828365,0.38461538461538464
B2,3,T13,Control,10000ms,39,0.5930174,0.3357618,0.4069826,0.3357618,0.46153846153846156
B2,3,T14,Control,10000ms,39,0.68273044,0.33691376,0.31726953,0.33691373,0.3076923076923077
B2,3,T15,Control,10000ms,39,0.686514,0.31895867,0.313486,0.31895864,0.38461538461538464
B2,3,T2,Control,10000ms,39,0.22481652,0.30727267,0.77518344,0.30727267,0.8205128205128205
B2,3,T3,Control,10000ms,39,0.24945046,0.29674244,0.75054955,0.29674244,0.8461538461538461
B2,3,T4,Control,10000ms,39,0.2951566,0.32472724,0.7048434,0.32472727,0.7948717948717948
B2,3,T5,Control,10000ms,39,0.3564233,0.3394895,0.64357674,0.3394895,0.6666666666666666
B2,3,T6,Control,10000ms,39,0.3280471,0.3368899,0.6719529,0.3368899,0.6923076923076923
B2,3,T7,Control,10000ms,39,0.3876964,0.35277396,0.6123036,0.35277396,0.6923076923076923
B2,3,T8,Control,10000ms,39,0.41202104,0.3504851,0.58797896,0.3504851,0.6923076923076923
B2,3,T9,Control,10000ms,39,0.47989205,0.34987742,0.5201079,0.34987742,0.5384615384615384
B2,4,T0,Control,0ms,28,0.27603868,0.29727533,0.7239613,0.29727533,0.75
B2,4,T1,Control,0ms,28,0.29360086,0.31174764,0.70639914,0.31174767,0.7142857142857143
B2,4,T10,Control,0ms,28,0.55093205,0.3054632,0.44906792,0.3054632,0.5714285714285714
B2,4,T11,Control,0ms,28,0.6292528,0.28005525,0.37074727,0.28005525,0.39285714285714285
B2,4,T12,Control,0ms,28,0.61314553,0.30315217,0.38685444,0.30315217,0.35714285714285715
B2,4,T13,Control,0ms,28,0.5947941,0.3405961,0.4052059,0.3405961,0.35714285714285715
B2,4,T14,Control,0ms,28,0.6630277,0.36876342,0.3369723,0.36876345,0.35714285714285715
B2,4,T15,Control,0ms,28,0.67031527,0.2973161,0.32968476,0.2973161,0.35714285714285715
B2,4,T2,Control,0ms,28,0.2726199,0.304349,0.7273801,0.304349,0.8214285714285714
B2,4,T3,Control,0ms,28,0.36094475,0.33819535,0.63905525,0.33819535,0.6785714285714286
B2,4,T4,Control,0ms,28,0.37985903,0.3234362,0.62014097,0.3234362,0.7142857142857143
B2,4,T5,Control,0ms,28,0.3835426,0.36053416,0.6164574,0.36053416,0.7142857142857143
B2,4,T6,Control,0ms,28,0.46520656,0.29858378,0.53479344,0.29858378,0.6785714285714286
B2,4,T7,Control,0ms,28,0.45199338,0.33681333,0.54800665,0.33681333,0.5714285714285714
B2,4,T8,Control,0ms,28,0.5742378,0.32421374,0.42576215,0.32421374,0.4642857142857143
B2,4,T9,Control,0ms,28,0.43593118,0.3121452,0.56406885,0.3121452,0.6428571428571429
